#Etude par Philippe Bachet;\Corse\Corse--vectorise.pdf
#Histoire de l'orgue en Orléanais et dans le Loiret;\Centre-Val-de-Loire\45-Loiret\Loiret--vectorise.pdf
#Inventaire des orgues de Bourgogne -- Tome I;\Bourgogne-Franche-Comté\Bourgogne\Bourgogne I\Bourgogne I--vectorise.pdf
#Inventaire des orgues de Bourgogne -- Tome II;\Bourgogne-Franche-Comté\Bourgogne\Bourgogne II\Bourgogne II--vectorise.pdf
#Inventaire des orgues de la Loire;\Rhône-Alpes-Auvergne\42-Loire\Loire--vectorise.pdf
#Inventaire Drôme;\Rhône-Alpes-Auvergne\26-Drôme\Drôme--vectorise.pdf
#Inventaire Haute-Savoie;\Rhône-Alpes-Auvergne\74-Haute-Savoie\Haute-Savoie--vectorise.pdf
#Inventaire Savoie;\Rhône-Alpes-Auvergne\73-Savoie\Savoie--vectorise.pdf
#Les Orgues de l'Isère;\Rhône-Alpes-Auvergne\38-Isère\Isère--vectorise.pdf
#Les Orgues de Loir-et-Cher;\Centre-Val-de-Loire\41-Loir-et-Cher\Loir-et-Cher--vectorise.pdf
#Les orgues des Pyrénées-Atlantiques;\Nouvelle Aquitaine\Aquitaine\54-Pyrénées-Atlantiques\Pays Basque & Béarn--vectorise.pdf
###Les Orgues d'Indre-et-Loire;\Centre-Val-de-Loire\37-Indre-et-Loire\Indre-et-Loire--vectorise.pdf
#Les Orgues du Pas-de-Calais;\Hauts-de-France\62-Pas-de-Calais\Pas-de-Calais--vectorise.pdf
#Les Orgues du Rhône (hors Lyon);\Rhône-Alpes-Auvergne\69-Rhône\69D-Rhône--vectorise.pdf
#Les Orgues du Rhône (Lyon);\Rhône-Alpes-Auvergne\69-Rhône\69M-Lyon--vectorise.pdf
###Orgues d'Alsace -- tome 2;\Grand-Est\Alsace\67-68Alsace\Alsace II Haut-Rhin--vectorise.pdf
#Orgues d'Alsace -- tome 3;\Grand-Est\Alsace\67-68Alsace\Alsace III Bas-Rhin 1--vectorise.pdf
###Orgues d'Alsace -- tome 4;\Grand-Est\Alsace\67-68Alsace\Alsace IV Bas-Rhin 2--vectorise.pdf
#Orgues d'Auvergne;\Rhône-Alpes-Auvergne\auvergne\Auvergne--vectorise.pdf
###Orgues de la Manche;\Normandie\50-Manche\Manche.pdf
Orgues de l'Ariège;\Occitanie\Midi-Pyrénées\09-Ariège\Ariege--vectorise.pdf
Orgues de l'Aveyron;\Occitanie\Midi-Pyrénées\12-Aveyron\Aveyron--vectorise.pdf
Orgues de l'Ile-de-France -- manuscrit Val-de-Marne;\Ile-de-France\94-Val-de-Marne\Val-de-Marne manuscrit--vectorise.pdf
#Orgues de l'Ile-de-France -- tome 1;\Ile-de-France\Yvelines & Val d'Oise--vectorise.pdf
#Orgues de l'Ile-de-France -- tome 2;\Ile-de-France\Seine-et-Marne & Essonne--vectorise.pdf
#Orgues de l'Ile-de-France -- tome 3;\Ile-de-France\92-Hauts-de-Seine\Hauts-de-Seine--vectorise.pdf
###Orgues de l'Ile-de-France -- tome 4;\Ile-de-France\75-Paris\Tome 4--compress--vectorise.pdf
###Orgues de l'Ile-de-France -- tome 5;\Ile-de-France\75-Paris\Tome 5--compress--vectorise.pdf
#Orgues de l'Ile-de-France -- tome 6;\Ile-de-France\75-Paris\Tome 6--compress--vectorise.pdf
#Orgues de Lorraine -- Meurthe-et-Moselle;\Grand-Est\Lorraine\54-Meurthe-et-Moselle\Meurthe-et-Moselle--vectorise.pdf
Orgues de Lorraine -- Meuse;\Grand-Est\Lorraine\55-Meuse\Meuse--vectorise.pdf
###Orgues de Lorraine -- Moselle A-G;\Grand-Est\Lorraine\57-Moselle\A-G\Moselle A-G--vectorise.pdf
###Orgues de Lorraine -- Moselle H-Mi;\Grand-Est\Lorraine\57-Moselle\H-M\Moselle H-M--compress--vectorise.pdf
###Orgues de Lorraine -- Moselle Mo-Sa;\Grand-Est\Lorraine\57-Moselle\M-S\Moselle M-S--compress--vectorise.pdf
###Orgues de Lorraine -- Moselle Sch-Z;\Grand-Est\Lorraine\57-Moselle\S-Z\Moselle S-Z--vectorise.pdf
###Orgues de Lorraine -- Vosges 1991;\Grand-Est\Lorraine\88-Vosges\Vosges--vectorise.pdf
#Orgues de Normandie - Pays de l'Eure;\Normandie\27-Eure\Eure--vectorise.pdf
Orgues de Normandie -- tome 1;\Normandie\76-Seine-Maritime\Seine-Maritime I--vectorise.pdf
Orgues de Normandie -- tome 2;\Normandie\76-Seine-Maritime\Seine-Maritime II--vectorise.pdf
#Orgues de Picardie -- Aisne;\Hauts-de-France\02-Aisne\Aisne--vectorise.pdf
###Orgues de Picardie -- Oise;\Hauts-de-France\60-Oise\Oise--vectorise.pdf
Orgues de Picardie -- Somme;\Hauts-de-France\80-Somme\Somme--vectorise.pdf
Orgues des Alpes-de-Haute-Provence, Hautes-Alpes, Alpes-Maritimes;\PACA\04-Alpes de Haute-Provence\Alpes-de-Haute-Provence--vectorise.pdf
Orgues des Bouches-du-Rhône;\PACA\13-Bouches-du-Rhône\Bouches-du-Rhône--vectorise.pdf
#Orgues des Hautes-Pyrénées;\Occitanie\Midi-Pyrénées\65-Hautes-Pyrénées\Hautes-Pyrénées--vectorise.pdf
#Orgues d'Eure-et-Loir;\Centre-Val-de-Loire\28-Eure-et-Loir\Eure-et-Loir--vectorise.pdf
Orgues du Berry 2003;\Centre-Val-de-Loire\18-Cher\Cher-plus-Indre\Cher-plus-Indre--vectorise.pdf
#Orgues du Gers;\Occitanie\Midi-Pyrénées\32-Gers\Gers--vectorise.pdf
#Orgues du Lot;\Occitanie\Midi-Pyrénées\46-Lot\Lot--vectorise.pdf
#Orgues du Maine-et-Loire;\Pays de la Loire\49-Maine-et-Loire\Maine-et-Loire--vectorise.pdf
#Orgues du Tarn;\Occitanie\Midi-Pyrénées\81-Tarn\Tarn--vectorise.pdf
#Orgues du Tarn-et-Garonne;\Occitanie\Midi-Pyrénées\82-Tarn-et-Garonne\Tarn-et-Garonne--vectorise.pdf
#Orgues du Var et du Vaucluse;\PACA\84-Vaucluse\Var--Vaucluse--vectorise.pdf
Orgues en Aquitaine - Gironde;\Nouvelle Aquitaine\Aquitaine\33-Gironde\Gironde--vectorise.pdf
#Orgues en Aquitaine - volume I;\Nouvelle Aquitaine\Aquitaine\Aquitaine I Dordogne & Landes & Lot-et-Garonne--vectorise.pdf
Orgues en Champagne-Ardennes -- Marne;\Grand-Est\Champagne-Ardennes\51-Marne\Marne--vectorise.pdf
#Orgues en Côtes-d'Armor;\Bretagne\22-Côtes-d'Armor\Côtes-d'Armor--vectorise.pdf
#Orgues en Flandre -- Arrondissement de Dunkerque;\Hauts-de-France\59-Nord\Flandre (Dunkerque)--vectorise.pdf
#Orgues en Franche-Comté -- Tome I;\Bourgogne-Franche-Comté\Franche-Comté\25-Doubs\Doubs--vectorise.pdf
#Orgues en Franche-Comté -- tome II;\Bourgogne-Franche-Comté\Franche-Comté\Tome2--vectorise.pdf
###Orgues en Ille-et-Vilaine;\Bretagne\35-Ille-et-Villaine\Ille-et-Villaine--vectorise.pdf
#Orgues en Languedoc-Rousillon -- tome 1;\Occitanie\Languedoc-Rousillon\11-Aude\Aude-Pyrénées-Orientales--vectorise.pdf
#Orgues en Languedoc-Rousillon -- tome 2;\Occitanie\Languedoc-Rousillon\30-Gard\Gard-Lozère--vectorise.pdf
#Orgues en Languedoc-Rousillon -- tome 3;\Occitanie\Languedoc-Rousillon\34-Hérault\Hérault--vectorise.pdf
#Orgues en Limousin;\Nouvelle Aquitaine\Limousin\Edisud\LimousinEdisud--vectorise.pdf
###Orgues en Pays-de-la-Loire -- tome 2;\Pays de la Loire\44-Loire-Atlantique\Loire-Atlantique--vectorise.pdf
###Orgues en Pays-de-la-Loire -- tome 3;\Pays de la Loire\85-Vendée\Vendée--vectorise.pdf
Orgues en Pays-de-la-Loire -- tome 4 Mayenne;\Pays de la Loire\53-Mayenne\Mayenne--vectorise.pdf
Orgues en Poitou-Charentes;\Nouvelle Aquitaine\Poitou-Charentes\Poitou-Charentes--vectorise.pdf
Ouvrage Ain;\Rhône-Alpes-Auvergne\01-Ain\Ain--vectorise.pdf
Ouvrage Ardèche;\Rhône-Alpes-Auvergne\07-Ardèche\Ardèche--vectorise.pdf
Ouvrage Aube 1986;Grand-Est\Champagne-Ardennes\10-Aube\Aube--vectorise.pdf
Ouvrage Haute-Marne 1989;\Grand-Est\Champagne-Ardennes\52-Haute-Marne\Haute-Marne--vectorise.pdf
Ouvrage Sarthe;\Pays de la Loire\72-Sarthe\Sarthe--vectorise.pdf
###Recensement Morbihan;\Bretagne\56-Morbihan\Morbihan--vectorise.pdf
Recensement;\Bretagne\29-Finistère\Finistère--vectorise.pdf
